n1(SiO2),n2(Si3N4),n3(Al2O3),h1(SiO2)/nm,h2(Si3N4)/nm,h3(Al2O3)/nm,T(͸����)
2.12699,4.06632,3.1262,0.1,0.1,0.1,0.5124565432866228
2.12699,4.06632,3.1262,0.1,0.1,0.2,0.6430479008819574
2.12699,4.06632,3.1262,0.1,0.1,0.3,0.2733036528552925
2.12699,4.06632,3.1262,0.1,0.1,0.4000000000000001,0.327664580265623
2.12699,4.06632,3.1262,0.1,0.1,0.5,0.8730756648701202
2.12699,4.06632,3.1262,0.1,0.1,0.6000000000000001,0.9071913176404248
2.12699,4.06632,3.1262,0.1,0.1,0.7000000000000001,0.7203213544235678
2.12699,4.06632,3.1262,0.1,0.1,0.8,0.2021417490060731
2.12699,4.06632,3.1262,0.1,0.1,0.9000000000000001,0.900549589543299
2.12699,4.06632,3.1262,0.1,0.1,1.0,0.7488295286808758
2.12699,4.06632,3.1262,0.1,0.2,0.1,0.6658766524838107
2.12699,4.06632,3.1262,0.1,0.2,0.2,0.15587631030517
2.12699,4.06632,3.1262,0.1,0.2,0.3,0.4270025733682013
2.12699,4.06632,3.1262,0.1,0.2,0.4000000000000001,0.841573151210066
2.12699,4.06632,3.1262,0.1,0.2,0.5,0.3686273474383252
2.12699,4.06632,3.1262,0.1,0.2,0.6000000000000001,0.9326466266027932
2.12699,4.06632,3.1262,0.1,0.2,0.7000000000000001,0.2832686919020034
2.12699,4.06632,3.1262,0.1,0.2,0.8,0.1621452840160819
2.12699,4.06632,3.1262,0.1,0.2,0.9000000000000001,0.8641031252813157
2.12699,4.06632,3.1262,0.1,0.2,1.0,0.2045446257692154
2.12699,4.06632,3.1262,0.1,0.3,0.1,0.4884818156752739
2.12699,4.06632,3.1262,0.1,0.3,0.2,0.9479344731999838
2.12699,4.06632,3.1262,0.1,0.3,0.3,0.7011522097018587
2.12699,4.06632,3.1262,0.1,0.3,0.4000000000000001,0.153458994612064
2.12699,4.06632,3.1262,0.1,0.3,0.5,0.8298940128863496
2.12699,4.06632,3.1262,0.1,0.3,0.6000000000000001,0.4555446609119067
2.12699,4.06632,3.1262,0.1,0.3,0.7000000000000001,0.4813303402347261
2.12699,4.06632,3.1262,0.1,0.3,0.8,0.9045836363495824
2.12699,4.06632,3.1262,0.1,0.3,0.9000000000000001,0.698320731900647
2.12699,4.06632,3.1262,0.1,0.3,1.0,0.3962034351660788
2.12699,4.06632,3.1262,0.1,0.4000000000000001,0.1,0.4818492985281228
2.12699,4.06632,3.1262,0.1,0.4000000000000001,0.2,0.6111566612629937
2.12699,4.06632,3.1262,0.1,0.4000000000000001,0.3,0.237882163877374
2.12699,4.06632,3.1262,0.1,0.4000000000000001,0.4000000000000001,0.7973576298888235
2.12699,4.06632,3.1262,0.1,0.4000000000000001,0.5,0.5997754509544119
2.12699,4.06632,3.1262,0.1,0.4000000000000001,0.6000000000000001,0.8388291756171071
2.12699,4.06632,3.1262,0.1,0.4000000000000001,0.7000000000000001,0.7634091746709508
2.12699,4.06632,3.1262,0.1,0.4000000000000001,0.8,0.7590771700758657
2.12699,4.06632,3.1262,0.1,0.4000000000000001,0.9000000000000001,0.4477627427665321
2.12699,4.06632,3.1262,0.1,0.4000000000000001,1.0,0.1797385545929113
2.12699,4.06632,3.1262,0.1,0.5,0.1,0.5975715465885967
2.12699,4.06632,3.1262,0.1,0.5,0.2,0.4442551509051379
2.12699,4.06632,3.1262,0.1,0.5,0.3,0.6571534856644609
2.12699,4.06632,3.1262,0.1,0.5,0.4000000000000001,0.2933025394782758
2.12699,4.06632,3.1262,0.1,0.5,0.5,0.2607910602537436
2.12699,4.06632,3.1262,0.1,0.5,0.6000000000000001,0.2955646553835518
2.12699,4.06632,3.1262,0.1,0.5,0.7000000000000001,0.2812065132461064
2.12699,4.06632,3.1262,0.1,0.5,0.8,0.7723852691103489
2.12699,4.06632,3.1262,0.1,0.5,0.9000000000000001,0.79356831839462
2.12699,4.06632,3.1262,0.1,0.5,1.0,0.5140297239720949
2.12699,4.06632,3.1262,0.1,0.6000000000000001,0.1,0.3982899566176681
2.12699,4.06632,3.1262,0.1,0.6000000000000001,0.2,0.3608019125821572
2.12699,4.06632,3.1262,0.1,0.6000000000000001,0.3,0.7662423105643428
2.12699,4.06632,3.1262,0.1,0.6000000000000001,0.4000000000000001,0.2767012001405164
2.12699,4.06632,3.1262,0.1,0.6000000000000001,0.5,0.7991147958313232
2.12699,4.06632,3.1262,0.1,0.6000000000000001,0.6000000000000001,0.6486545418830761
2.12699,4.06632,3.1262,0.1,0.6000000000000001,0.7000000000000001,0.204898269971114
2.12699,4.06632,3.1262,0.1,0.6000000000000001,0.8,0.6643448106608919
2.12699,4.06632,3.1262,0.1,0.6000000000000001,0.9000000000000001,0.8537561009875615
2.12699,4.06632,3.1262,0.1,0.6000000000000001,1.0,0.7857042156284146
2.12699,4.06632,3.1262,0.1,0.7000000000000001,0.1,0.3276925944057529
2.12699,4.06632,3.1262,0.1,0.7000000000000001,0.2,0.8977050839810311
2.12699,4.06632,3.1262,0.1,0.7000000000000001,0.3,0.603866875408786
2.12699,4.06632,3.1262,0.1,0.7000000000000001,0.4000000000000001,0.7026661826594838
2.12699,4.06632,3.1262,0.1,0.7000000000000001,0.5,0.5719512475148079
2.12699,4.06632,3.1262,0.1,0.7000000000000001,0.6000000000000001,0.2953627254822981
2.12699,4.06632,3.1262,0.1,0.7000000000000001,0.7000000000000001,0.8740806374897399
2.12699,4.06632,3.1262,0.1,0.7000000000000001,0.8,0.1805092010315631
2.12699,4.06632,3.1262,0.1,0.7000000000000001,0.9000000000000001,0.751714734279385
2.12699,4.06632,3.1262,0.1,0.7000000000000001,1.0,0.7782452102092665
2.12699,4.06632,3.1262,0.1,0.8,0.1,0.6837300694700121
2.12699,4.06632,3.1262,0.1,0.8,0.2,0.600744670546899
2.12699,4.06632,3.1262,0.1,0.8,0.3,0.5741949459503949
2.12699,4.06632,3.1262,0.1,0.8,0.4000000000000001,0.5238108020729179
2.12699,4.06632,3.1262,0.1,0.8,0.5,0.9395791030126656
2.12699,4.06632,3.1262,0.1,0.8,0.6000000000000001,0.6365365039873392
2.12699,4.06632,3.1262,0.1,0.8,0.7000000000000001,0.9001144228820968
2.12699,4.06632,3.1262,0.1,0.8,0.8,0.4522970029119
2.12699,4.06632,3.1262,0.1,0.8,0.9000000000000001,0.9076512062321466
2.12699,4.06632,3.1262,0.1,0.8,1.0,0.9682209875727132
2.12699,4.06632,3.1262,0.1,0.9000000000000001,0.1,0.2977345940628022
2.12699,4.06632,3.1262,0.1,0.9000000000000001,0.2,0.8416660996135336
2.12699,4.06632,3.1262,0.1,0.9000000000000001,0.3,0.3394792926696878
2.12699,4.06632,3.1262,0.1,0.9000000000000001,0.4000000000000001,0.9346272196600972
2.12699,4.06632,3.1262,0.1,0.9000000000000001,0.5,0.297207881886891
2.12699,4.06632,3.1262,0.1,0.9000000000000001,0.6000000000000001,0.1362411767523593
2.12699,4.06632,3.1262,0.1,0.9000000000000001,0.7000000000000001,0.8396625883632249
2.12699,4.06632,3.1262,0.1,0.9000000000000001,0.8,0.953726169772168
2.12699,4.06632,3.1262,0.1,0.9000000000000001,0.9000000000000001,0.5304448352860452
2.12699,4.06632,3.1262,0.1,0.9000000000000001,1.0,0.5043702404771662
2.12699,4.06632,3.1262,0.1,1.0,0.1,0.713639349267446
2.12699,4.06632,3.1262,0.1,1.0,0.2,0.4512646405954934
2.12699,4.06632,3.1262,0.1,1.0,0.3,0.1987246792381435
2.12699,4.06632,3.1262,0.1,1.0,0.4000000000000001,0.5535405179087528
2.12699,4.06632,3.1262,0.1,1.0,0.5,0.6363907319822844
2.12699,4.06632,3.1262,0.1,1.0,0.6000000000000001,0.3019807304595475
2.12699,4.06632,3.1262,0.1,1.0,0.7000000000000001,0.8752808926782963
2.12699,4.06632,3.1262,0.1,1.0,0.8,0.4588083144285133
2.12699,4.06632,3.1262,0.1,1.0,0.9000000000000001,0.6851153167471692
2.12699,4.06632,3.1262,0.1,1.0,1.0,0.98037912407245
2.12699,4.06632,3.1262,0.2,0.1,0.1,0.8900716419897019
2.12699,4.06632,3.1262,0.2,0.1,0.2,0.3345634112156088
2.12699,4.06632,3.1262,0.2,0.1,0.3,0.252474278758281
2.12699,4.06632,3.1262,0.2,0.1,0.4000000000000001,0.1537228034793087
2.12699,4.06632,3.1262,0.2,0.1,0.5,0.4706453958944969
2.12699,4.06632,3.1262,0.2,0.1,0.6000000000000001,0.6369384541026135
2.12699,4.06632,3.1262,0.2,0.1,0.7000000000000001,0.507482700971465
2.12699,4.06632,3.1262,0.2,0.1,0.8,0.73737653448386
2.12699,4.06632,3.1262,0.2,0.1,0.9000000000000001,0.5064821695559388
2.12699,4.06632,3.1262,0.2,0.1,1.0,0.8827002534648631
2.12699,4.06632,3.1262,0.2,0.2,0.1,0.4868790800857846
2.12699,4.06632,3.1262,0.2,0.2,0.2,0.102476309822198
2.12699,4.06632,3.1262,0.2,0.2,0.3,0.878707950867426
2.12699,4.06632,3.1262,0.2,0.2,0.4000000000000001,0.1933870795004363
2.12699,4.06632,3.1262,0.2,0.2,0.5,0.441724913947883
2.12699,4.06632,3.1262,0.2,0.2,0.6000000000000001,0.2665316985760576
2.12699,4.06632,3.1262,0.2,0.2,0.7000000000000001,0.9437621537628408
2.12699,4.06632,3.1262,0.2,0.2,0.8,0.1340202342923432
2.12699,4.06632,3.1262,0.2,0.2,0.9000000000000001,0.4384817040878758
2.12699,4.06632,3.1262,0.2,0.2,1.0,0.5480255039744114
2.12699,4.06632,3.1262,0.2,0.3,0.1,0.1694853612453906
2.12699,4.06632,3.1262,0.2,0.3,0.2,0.4696777465608579
2.12699,4.06632,3.1262,0.2,0.3,0.3,0.1080488022492052
2.12699,4.06632,3.1262,0.2,0.3,0.4000000000000001,0.3220137983349134
2.12699,4.06632,3.1262,0.2,0.3,0.5,0.7296314085716098
2.12699,4.06632,3.1262,0.2,0.3,0.6000000000000001,0.3698086523945016
2.12699,4.06632,3.1262,0.2,0.3,0.7000000000000001,0.5686383644705706
2.12699,4.06632,3.1262,0.2,0.3,0.8,0.3069187015924894
2.12699,4.06632,3.1262,0.2,0.3,0.9000000000000001,0.5021191346701056
2.12699,4.06632,3.1262,0.2,0.3,1.0,0.2742206365091572
2.12699,4.06632,3.1262,0.2,0.4000000000000001,0.1,0.675343559260351
2.12699,4.06632,3.1262,0.2,0.4000000000000001,0.2,0.7621269151667248
2.12699,4.06632,3.1262,0.2,0.4000000000000001,0.3,0.9101318594587152
2.12699,4.06632,3.1262,0.2,0.4000000000000001,0.4000000000000001,0.2386156059587458
2.12699,4.06632,3.1262,0.2,0.4000000000000001,0.5,0.2791843985152881
2.12699,4.06632,3.1262,0.2,0.4000000000000001,0.6000000000000001,0.9653476773305036
2.12699,4.06632,3.1262,0.2,0.4000000000000001,0.7000000000000001,0.8201112229665342
2.12699,4.06632,3.1262,0.2,0.4000000000000001,0.8,0.3135599587954204
2.12699,4.06632,3.1262,0.2,0.4000000000000001,0.9000000000000001,0.7887707149015095
2.12699,4.06632,3.1262,0.2,0.4000000000000001,1.0,0.2644623900770732
2.12699,4.06632,3.1262,0.2,0.5,0.1,0.4285404790779612
2.12699,4.06632,3.1262,0.2,0.5,0.2,0.7706289562140254
2.12699,4.06632,3.1262,0.2,0.5,0.3,0.6744789657224843
2.12699,4.06632,3.1262,0.2,0.5,0.4000000000000001,0.4808180068335308
2.12699,4.06632,3.1262,0.2,0.5,0.5,0.1106139234666794
2.12699,4.06632,3.1262,0.2,0.5,0.6000000000000001,0.4048280588327706
2.12699,4.06632,3.1262,0.2,0.5,0.7000000000000001,0.4775238108311347
2.12699,4.06632,3.1262,0.2,0.5,0.8,0.4569043054814925
2.12699,4.06632,3.1262,0.2,0.5,0.9000000000000001,0.5403520130227629
2.12699,4.06632,3.1262,0.2,0.5,1.0,0.2565753574805922
2.12699,4.06632,3.1262,0.2,0.6000000000000001,0.1,0.5547680088810782
2.12699,4.06632,3.1262,0.2,0.6000000000000001,0.2,0.7043713975887089
2.12699,4.06632,3.1262,0.2,0.6000000000000001,0.3,0.4043256639017017
2.12699,4.06632,3.1262,0.2,0.6000000000000001,0.4000000000000001,0.1149943655641442
2.12699,4.06632,3.1262,0.2,0.6000000000000001,0.5,0.4912374151860187
2.12699,4.06632,3.1262,0.2,0.6000000000000001,0.6000000000000001,0.5374013310582465
2.12699,4.06632,3.1262,0.2,0.6000000000000001,0.7000000000000001,0.1582638342403001
2.12699,4.06632,3.1262,0.2,0.6000000000000001,0.8,0.9603537268737616
2.12699,4.06632,3.1262,0.2,0.6000000000000001,0.9000000000000001,0.6348408884241176
2.12699,4.06632,3.1262,0.2,0.6000000000000001,1.0,0.8943436952398839
2.12699,4.06632,3.1262,0.2,0.7000000000000001,0.1,0.5976355547957732
2.12699,4.06632,3.1262,0.2,0.7000000000000001,0.2,0.4165673149805539
2.12699,4.06632,3.1262,0.2,0.7000000000000001,0.3,0.3047688764256027
2.12699,4.06632,3.1262,0.2,0.7000000000000001,0.4000000000000001,0.9632039756922964
2.12699,4.06632,3.1262,0.2,0.7000000000000001,0.5,0.6287418946168147
2.12699,4.06632,3.1262,0.2,0.7000000000000001,0.6000000000000001,0.8654956758593758
2.12699,4.06632,3.1262,0.2,0.7000000000000001,0.7000000000000001,0.5187742789228416
2.12699,4.06632,3.1262,0.2,0.7000000000000001,0.8,0.9741615539121252
2.12699,4.06632,3.1262,0.2,0.7000000000000001,0.9000000000000001,0.6212137691979452
2.12699,4.06632,3.1262,0.2,0.7000000000000001,1.0,0.9067850931550634
2.12699,4.06632,3.1262,0.2,0.8,0.1,0.4398698570788183
2.12699,4.06632,3.1262,0.2,0.8,0.2,0.7076688722831491
2.12699,4.06632,3.1262,0.2,0.8,0.3,0.4328114910066594
2.12699,4.06632,3.1262,0.2,0.8,0.4000000000000001,0.4259400695413327
2.12699,4.06632,3.1262,0.2,0.8,0.5,0.22856023487667
2.12699,4.06632,3.1262,0.2,0.8,0.6000000000000001,0.1257269012201611
2.12699,4.06632,3.1262,0.2,0.8,0.7000000000000001,0.114008002634964
2.12699,4.06632,3.1262,0.2,0.8,0.8,0.3451268741509173
2.12699,4.06632,3.1262,0.2,0.8,0.9000000000000001,0.6177467216223819
2.12699,4.06632,3.1262,0.2,0.8,1.0,0.2609326409933324
2.12699,4.06632,3.1262,0.2,0.9000000000000001,0.1,0.9402181224728932
2.12699,4.06632,3.1262,0.2,0.9000000000000001,0.2,0.2752035615081261
2.12699,4.06632,3.1262,0.2,0.9000000000000001,0.3,0.191646556487753
2.12699,4.06632,3.1262,0.2,0.9000000000000001,0.4000000000000001,0.2930590345811746
2.12699,4.06632,3.1262,0.2,0.9000000000000001,0.5,0.2324950563031513
2.12699,4.06632,3.1262,0.2,0.9000000000000001,0.6000000000000001,0.620329270335504
2.12699,4.06632,3.1262,0.2,0.9000000000000001,0.7000000000000001,0.2493361574158984
2.12699,4.06632,3.1262,0.2,0.9000000000000001,0.8,0.1470910469817032
2.12699,4.06632,3.1262,0.2,0.9000000000000001,0.9000000000000001,0.6239828526294134
2.12699,4.06632,3.1262,0.2,0.9000000000000001,1.0,0.9032109613768068
2.12699,4.06632,3.1262,0.2,1.0,0.1,0.632051298254542
2.12699,4.06632,3.1262,0.2,1.0,0.2,0.7132466135232968
2.12699,4.06632,3.1262,0.2,1.0,0.3,0.682546822495434
2.12699,4.06632,3.1262,0.2,1.0,0.4000000000000001,0.5732056372091618
2.12699,4.06632,3.1262,0.2,1.0,0.5,0.8398906835534871
2.12699,4.06632,3.1262,0.2,1.0,0.6000000000000001,0.2141609266049972
2.12699,4.06632,3.1262,0.2,1.0,0.7000000000000001,0.7532571409863379
2.12699,4.06632,3.1262,0.2,1.0,0.8,0.132422056008895
2.12699,4.06632,3.1262,0.2,1.0,0.9000000000000001,0.4960998229024494
2.12699,4.06632,3.1262,0.2,1.0,1.0,0.2337145179411398
2.12699,4.06632,3.1262,0.3,0.1,0.1,0.702356722210667
2.12699,4.06632,3.1262,0.3,0.1,0.2,0.5839168247622794
2.12699,4.06632,3.1262,0.3,0.1,0.3,0.5032321781430017
2.12699,4.06632,3.1262,0.3,0.1,0.4000000000000001,0.3749425575755648
2.12699,4.06632,3.1262,0.3,0.1,0.5,0.157756790649444
2.12699,4.06632,3.1262,0.3,0.1,0.6000000000000001,0.147211994439224
2.12699,4.06632,3.1262,0.3,0.1,0.7000000000000001,0.7038951602711886
2.12699,4.06632,3.1262,0.3,0.1,0.8,0.9888923048786784
2.12699,4.06632,3.1262,0.3,0.1,0.9000000000000001,0.2239829510380403
2.12699,4.06632,3.1262,0.3,0.1,1.0,0.9179659638353987
2.12699,4.06632,3.1262,0.3,0.2,0.1,0.9553838576406498
2.12699,4.06632,3.1262,0.3,0.2,0.2,0.2695628220063468
2.12699,4.06632,3.1262,0.3,0.2,0.3,0.698379794679951
2.12699,4.06632,3.1262,0.3,0.2,0.4000000000000001,0.9945209721659812
2.12699,4.06632,3.1262,0.3,0.2,0.5,0.5599294500472721
2.12699,4.06632,3.1262,0.3,0.2,0.6000000000000001,0.5715370757747007
2.12699,4.06632,3.1262,0.3,0.2,0.7000000000000001,0.5861902978000431
2.12699,4.06632,3.1262,0.3,0.2,0.8,0.3169786812857941
2.12699,4.06632,3.1262,0.3,0.2,0.9000000000000001,0.6856023436561304
2.12699,4.06632,3.1262,0.3,0.2,1.0,0.3036008167749602
2.12699,4.06632,3.1262,0.3,0.3,0.1,0.4520858138719698
2.12699,4.06632,3.1262,0.3,0.3,0.2,0.3735953146542796
2.12699,4.06632,3.1262,0.3,0.3,0.3,0.1151760239528736
2.12699,4.06632,3.1262,0.3,0.3,0.4000000000000001,0.9005566292181975
2.12699,4.06632,3.1262,0.3,0.3,0.5,0.3466326812924128
2.12699,4.06632,3.1262,0.3,0.3,0.6000000000000001,0.9228166416773236
2.12699,4.06632,3.1262,0.3,0.3,0.7000000000000001,0.2642495257672165
2.12699,4.06632,3.1262,0.3,0.3,0.8,0.5772593326021715
2.12699,4.06632,3.1262,0.3,0.3,0.9000000000000001,0.8667776973727275
2.12699,4.06632,3.1262,0.3,0.3,1.0,0.1832966234617836
2.12699,4.06632,3.1262,0.3,0.4000000000000001,0.1,0.5241321430439642
2.12699,4.06632,3.1262,0.3,0.4000000000000001,0.2,0.2152875068822911
2.12699,4.06632,3.1262,0.3,0.4000000000000001,0.3,0.1806547746903907
2.12699,4.06632,3.1262,0.3,0.4000000000000001,0.4000000000000001,0.4495027630705576
2.12699,4.06632,3.1262,0.3,0.4000000000000001,0.5,0.1249660315280141
2.12699,4.06632,3.1262,0.3,0.4000000000000001,0.6000000000000001,0.989491404160293
2.12699,4.06632,3.1262,0.3,0.4000000000000001,0.7000000000000001,0.3152555203278388
2.12699,4.06632,3.1262,0.3,0.4000000000000001,0.8,0.3052882187918379
2.12699,4.06632,3.1262,0.3,0.4000000000000001,0.9000000000000001,0.3873187871930924
2.12699,4.06632,3.1262,0.3,0.4000000000000001,1.0,0.7859469194488043
2.12699,4.06632,3.1262,0.3,0.5,0.1,0.402229181099707
2.12699,4.06632,3.1262,0.3,0.5,0.2,0.7185940191573196
2.12699,4.06632,3.1262,0.3,0.5,0.3,0.8345494385564504
2.12699,4.06632,3.1262,0.3,0.5,0.4000000000000001,0.4873620962638721
2.12699,4.06632,3.1262,0.3,0.5,0.5,0.4206900568665578
2.12699,4.06632,3.1262,0.3,0.5,0.6000000000000001,0.8979209069351654
2.12699,4.06632,3.1262,0.3,0.5,0.7000000000000001,0.2847095738166683
2.12699,4.06632,3.1262,0.3,0.5,0.8,0.6437505328273557
2.12699,4.06632,3.1262,0.3,0.5,0.9000000000000001,0.5718803227860524
2.12699,4.06632,3.1262,0.3,0.5,1.0,0.4159688479356627
2.12699,4.06632,3.1262,0.3,0.6000000000000001,0.1,0.5307870967983882
2.12699,4.06632,3.1262,0.3,0.6000000000000001,0.2,0.4228734427998686
2.12699,4.06632,3.1262,0.3,0.6000000000000001,0.3,0.9121030623052214
2.12699,4.06632,3.1262,0.3,0.6000000000000001,0.4000000000000001,0.1884459732271122
2.12699,4.06632,3.1262,0.3,0.6000000000000001,0.5,0.6999081662727145
2.12699,4.06632,3.1262,0.3,0.6000000000000001,0.6000000000000001,0.8698988676276727
2.12699,4.06632,3.1262,0.3,0.6000000000000001,0.7000000000000001,0.4036367822184578
2.12699,4.06632,3.1262,0.3,0.6000000000000001,0.8,0.5580898768520279
2.12699,4.06632,3.1262,0.3,0.6000000000000001,0.9000000000000001,0.6712862109024629
2.12699,4.06632,3.1262,0.3,0.6000000000000001,1.0,0.4440912396018053
2.12699,4.06632,3.1262,0.3,0.7000000000000001,0.1,0.3362082163909667
2.12699,4.06632,3.1262,0.3,0.7000000000000001,0.2,0.5821176803214625
2.12699,4.06632,3.1262,0.3,0.7000000000000001,0.3,0.5536686454291709
2.12699,4.06632,3.1262,0.3,0.7000000000000001,0.4000000000000001,0.7931996741495241
2.12699,4.06632,3.1262,0.3,0.7000000000000001,0.5,0.1731151963779044
2.12699,4.06632,3.1262,0.3,0.7000000000000001,0.6000000000000001,0.9583243481374948
2.12699,4.06632,3.1262,0.3,0.7000000000000001,0.7000000000000001,0.6647987449266127
2.12699,4.06632,3.1262,0.3,0.7000000000000001,0.8,0.7946042353604411
2.12699,4.06632,3.1262,0.3,0.7000000000000001,0.9000000000000001,0.740949002469063
2.12699,4.06632,3.1262,0.3,0.7000000000000001,1.0,0.3504665167102221
2.12699,4.06632,3.1262,0.3,0.8,0.1,0.3392992508665746
2.12699,4.06632,3.1262,0.3,0.8,0.2,0.9171575939926934
2.12699,4.06632,3.1262,0.3,0.8,0.3,0.299025077506967
2.12699,4.06632,3.1262,0.3,0.8,0.4000000000000001,0.4531499940830277
2.12699,4.06632,3.1262,0.3,0.8,0.5,0.1580538848186555
2.12699,4.06632,3.1262,0.3,0.8,0.6000000000000001,0.1696815569186877
2.12699,4.06632,3.1262,0.3,0.8,0.7000000000000001,0.9537068274149568
2.12699,4.06632,3.1262,0.3,0.8,0.8,0.4589574034557178
2.12699,4.06632,3.1262,0.3,0.8,0.9000000000000001,0.5822933978222745
2.12699,4.06632,3.1262,0.3,0.8,1.0,0.7440623710286629
2.12699,4.06632,3.1262,0.3,0.9000000000000001,0.1,0.4137799616989794
2.12699,4.06632,3.1262,0.3,0.9000000000000001,0.2,0.6781917425460796
2.12699,4.06632,3.1262,0.3,0.9000000000000001,0.3,0.5626804142793685
2.12699,4.06632,3.1262,0.3,0.9000000000000001,0.4000000000000001,0.2093907515146806
2.12699,4.06632,3.1262,0.3,0.9000000000000001,0.5,0.3983974178811164
2.12699,4.06632,3.1262,0.3,0.9000000000000001,0.6000000000000001,0.152431941524292
2.12699,4.06632,3.1262,0.3,0.9000000000000001,0.7000000000000001,0.7114308489212302
2.12699,4.06632,3.1262,0.3,0.9000000000000001,0.8,0.7280668255172105
2.12699,4.06632,3.1262,0.3,0.9000000000000001,0.9000000000000001,0.9525795853045784
2.12699,4.06632,3.1262,0.3,0.9000000000000001,1.0,0.5074576671592842
2.12699,4.06632,3.1262,0.3,1.0,0.1,0.4210932791936288
2.12699,4.06632,3.1262,0.3,1.0,0.2,0.166771906370565
2.12699,4.06632,3.1262,0.3,1.0,0.3,0.4690166186989012
2.12699,4.06632,3.1262,0.3,1.0,0.4000000000000001,0.4430790089053102
2.12699,4.06632,3.1262,0.3,1.0,0.5,0.2554129588465169
2.12699,4.06632,3.1262,0.3,1.0,0.6000000000000001,0.6967378017176836
2.12699,4.06632,3.1262,0.3,1.0,0.7000000000000001,0.7151923003121932
2.12699,4.06632,3.1262,0.3,1.0,0.8,0.1048324822429528
2.12699,4.06632,3.1262,0.3,1.0,0.9000000000000001,0.3997521443964733
2.12699,4.06632,3.1262,0.3,1.0,1.0,0.2158534123399772
2.12699,4.06632,3.1262,0.4000000000000001,0.1,0.1,0.4671003408946552
2.12699,4.06632,3.1262,0.4000000000000001,0.1,0.2,0.2250889094295311
2.12699,4.06632,3.1262,0.4000000000000001,0.1,0.3,0.9449921249416672
2.12699,4.06632,3.1262,0.4000000000000001,0.1,0.4000000000000001,0.7488126695059709
2.12699,4.06632,3.1262,0.4000000000000001,0.1,0.5,0.6024906982995564
2.12699,4.06632,3.1262,0.4000000000000001,0.1,0.6000000000000001,0.9005265692074365
2.12699,4.06632,3.1262,0.4000000000000001,0.1,0.7000000000000001,0.7166843647511885
2.12699,4.06632,3.1262,0.4000000000000001,0.1,0.8,0.3587105083545022
2.12699,4.06632,3.1262,0.4000000000000001,0.1,0.9000000000000001,0.6516433054904934
2.12699,4.06632,3.1262,0.4000000000000001,0.1,1.0,0.5044995163616556
2.12699,4.06632,3.1262,0.4000000000000001,0.2,0.1,0.3155971099643647
2.12699,4.06632,3.1262,0.4000000000000001,0.2,0.2,0.751249891608805
2.12699,4.06632,3.1262,0.4000000000000001,0.2,0.3,0.843433445165442
2.12699,4.06632,3.1262,0.4000000000000001,0.2,0.4000000000000001,0.4915003805184682
2.12699,4.06632,3.1262,0.4000000000000001,0.2,0.5,0.3956506198804725
2.12699,4.06632,3.1262,0.4000000000000001,0.2,0.6000000000000001,0.3547930721438251
2.12699,4.06632,3.1262,0.4000000000000001,0.2,0.7000000000000001,0.4497853563152975
2.12699,4.06632,3.1262,0.4000000000000001,0.2,0.8,0.7176914776152632
2.12699,4.06632,3.1262,0.4000000000000001,0.2,0.9000000000000001,0.6229808244079824
2.12699,4.06632,3.1262,0.4000000000000001,0.2,1.0,0.8194708261114302
2.12699,4.06632,3.1262,0.4000000000000001,0.3,0.1,0.1691507490167113
2.12699,4.06632,3.1262,0.4000000000000001,0.3,0.2,0.2879573499584384
2.12699,4.06632,3.1262,0.4000000000000001,0.3,0.3,0.8871606648950899
2.12699,4.06632,3.1262,0.4000000000000001,0.3,0.4000000000000001,0.3916741088806605
2.12699,4.06632,3.1262,0.4000000000000001,0.3,0.5,0.7633270193110917
2.12699,4.06632,3.1262,0.4000000000000001,0.3,0.6000000000000001,0.377491712213262
2.12699,4.06632,3.1262,0.4000000000000001,0.3,0.7000000000000001,0.9705288021667732
2.12699,4.06632,3.1262,0.4000000000000001,0.3,0.8,0.5205768564993579
2.12699,4.06632,3.1262,0.4000000000000001,0.3,0.9000000000000001,0.787871903118821
2.12699,4.06632,3.1262,0.4000000000000001,0.3,1.0,0.2748319941440915
2.12699,4.06632,3.1262,0.4000000000000001,0.4000000000000001,0.1,0.8566422535522378
2.12699,4.06632,3.1262,0.4000000000000001,0.4000000000000001,0.2,0.1094828160663797
2.12699,4.06632,3.1262,0.4000000000000001,0.4000000000000001,0.3,0.3975051190977104
2.12699,4.06632,3.1262,0.4000000000000001,0.4000000000000001,0.4000000000000001,0.8054451564942161
2.12699,4.06632,3.1262,0.4000000000000001,0.4000000000000001,0.5,0.2378693527622216
2.12699,4.06632,3.1262,0.4000000000000001,0.4000000000000001,0.6000000000000001,0.7899926426513869
2.12699,4.06632,3.1262,0.4000000000000001,0.4000000000000001,0.7000000000000001,0.3981207577696389
2.12699,4.06632,3.1262,0.4000000000000001,0.4000000000000001,0.8,0.563828941124987
2.12699,4.06632,3.1262,0.4000000000000001,0.4000000000000001,0.9000000000000001,0.905127522843302
2.12699,4.06632,3.1262,0.4000000000000001,0.4000000000000001,1.0,0.6774512643016162
2.12699,4.06632,3.1262,0.4000000000000001,0.5,0.1,0.2926664093806684
2.12699,4.06632,3.1262,0.4000000000000001,0.5,0.2,0.762022382788836
2.12699,4.06632,3.1262,0.4000000000000001,0.5,0.3,0.9310878779463032
2.12699,4.06632,3.1262,0.4000000000000001,0.5,0.4000000000000001,0.8804616873416165
2.12699,4.06632,3.1262,0.4000000000000001,0.5,0.5,0.3103100636220791
2.12699,4.06632,3.1262,0.4000000000000001,0.5,0.6000000000000001,0.6267127126855818
2.12699,4.06632,3.1262,0.4000000000000001,0.5,0.7000000000000001,0.582124675105829
2.12699,4.06632,3.1262,0.4000000000000001,0.5,0.8,0.3334021706001965
2.12699,4.06632,3.1262,0.4000000000000001,0.5,0.9000000000000001,0.3039312565770251
2.12699,4.06632,3.1262,0.4000000000000001,0.5,1.0,0.9748233632899576
2.12699,4.06632,3.1262,0.4000000000000001,0.6000000000000001,0.1,0.9290888137461634
2.12699,4.06632,3.1262,0.4000000000000001,0.6000000000000001,0.2,0.7620429319709845
2.12699,4.06632,3.1262,0.4000000000000001,0.6000000000000001,0.3,0.959710002451738
2.12699,4.06632,3.1262,0.4000000000000001,0.6000000000000001,0.4000000000000001,0.5171269472737613
2.12699,4.06632,3.1262,0.4000000000000001,0.6000000000000001,0.5,0.3184190566256174
2.12699,4.06632,3.1262,0.4000000000000001,0.6000000000000001,0.6000000000000001,0.9428611219319952
2.12699,4.06632,3.1262,0.4000000000000001,0.6000000000000001,0.7000000000000001,0.9262666165323616
2.12699,4.06632,3.1262,0.4000000000000001,0.6000000000000001,0.8,0.7066515517191148
2.12699,4.06632,3.1262,0.4000000000000001,0.6000000000000001,0.9000000000000001,0.409815623989781
2.12699,4.06632,3.1262,0.4000000000000001,0.6000000000000001,1.0,0.5085664551515023
2.12699,4.06632,3.1262,0.4000000000000001,0.7000000000000001,0.1,0.181083902617784
2.12699,4.06632,3.1262,0.4000000000000001,0.7000000000000001,0.2,0.4578204292615742
2.12699,4.06632,3.1262,0.4000000000000001,0.7000000000000001,0.3,0.6443752569476104
2.12699,4.06632,3.1262,0.4000000000000001,0.7000000000000001,0.4000000000000001,0.7339297938690053
2.12699,4.06632,3.1262,0.4000000000000001,0.7000000000000001,0.5,0.4599897158432432
2.12699,4.06632,3.1262,0.4000000000000001,0.7000000000000001,0.6000000000000001,0.3464819092962271
2.12699,4.06632,3.1262,0.4000000000000001,0.7000000000000001,0.7000000000000001,0.25184346888657
2.12699,4.06632,3.1262,0.4000000000000001,0.7000000000000001,0.8,0.7747912549034154
2.12699,4.06632,3.1262,0.4000000000000001,0.7000000000000001,0.9000000000000001,0.6994234060196972
2.12699,4.06632,3.1262,0.4000000000000001,0.7000000000000001,1.0,0.8240062501897728
2.12699,4.06632,3.1262,0.4000000000000001,0.8,0.1,0.4667243583171964
2.12699,4.06632,3.1262,0.4000000000000001,0.8,0.2,0.5954763868619659
2.12699,4.06632,3.1262,0.4000000000000001,0.8,0.3,0.9810480723930484
2.12699,4.06632,3.1262,0.4000000000000001,0.8,0.4000000000000001,0.9992831081384036
2.12699,4.06632,3.1262,0.4000000000000001,0.8,0.5,0.500475738304571
2.12699,4.06632,3.1262,0.4000000000000001,0.8,0.6000000000000001,0.822675023232662
2.12699,4.06632,3.1262,0.4000000000000001,0.8,0.7000000000000001,0.408383912929449
2.12699,4.06632,3.1262,0.4000000000000001,0.8,0.8,0.6889243296263087
2.12699,4.06632,3.1262,0.4000000000000001,0.8,0.9000000000000001,0.3778261763289485
2.12699,4.06632,3.1262,0.4000000000000001,0.8,1.0,0.2567838569824058
2.12699,4.06632,3.1262,0.4000000000000001,0.9000000000000001,0.1,0.570838982341215
2.12699,4.06632,3.1262,0.4000000000000001,0.9000000000000001,0.2,0.6556042525226274
2.12699,4.06632,3.1262,0.4000000000000001,0.9000000000000001,0.3,0.7676914299646145
2.12699,4.06632,3.1262,0.4000000000000001,0.9000000000000001,0.4000000000000001,0.5216702850697624
2.12699,4.06632,3.1262,0.4000000000000001,0.9000000000000001,0.5,0.3763697159273568
2.12699,4.06632,3.1262,0.4000000000000001,0.9000000000000001,0.6000000000000001,0.1479564247209938
2.12699,4.06632,3.1262,0.4000000000000001,0.9000000000000001,0.7000000000000001,0.4642576824033601
2.12699,4.06632,3.1262,0.4000000000000001,0.9000000000000001,0.8,0.7977578122790303
2.12699,4.06632,3.1262,0.4000000000000001,0.9000000000000001,0.9000000000000001,0.4733917142217377
2.12699,4.06632,3.1262,0.4000000000000001,0.9000000000000001,1.0,0.5344254163618253
2.12699,4.06632,3.1262,0.4000000000000001,1.0,0.1,0.8420160239100339
2.12699,4.06632,3.1262,0.4000000000000001,1.0,0.2,0.6995581570264309
2.12699,4.06632,3.1262,0.4000000000000001,1.0,0.3,0.1444262311610085
2.12699,4.06632,3.1262,0.4000000000000001,1.0,0.4000000000000001,0.3662600104296167
2.12699,4.06632,3.1262,0.4000000000000001,1.0,0.5,0.2731771951576642
2.12699,4.06632,3.1262,0.4000000000000001,1.0,0.6000000000000001,0.8622623595542718
2.12699,4.06632,3.1262,0.4000000000000001,1.0,0.7000000000000001,0.1975921881672295
2.12699,4.06632,3.1262,0.4000000000000001,1.0,0.8,0.4204562696155154
2.12699,4.06632,3.1262,0.4000000000000001,1.0,0.9000000000000001,0.4476393321004972
2.12699,4.06632,3.1262,0.4000000000000001,1.0,1.0,0.997484738220038
2.12699,4.06632,3.1262,0.5,0.1,0.1,0.5252580933182187
2.12699,4.06632,3.1262,0.5,0.1,0.2,0.1356435898730669
2.12699,4.06632,3.1262,0.5,0.1,0.3,0.5033810534398939
2.12699,4.06632,3.1262,0.5,0.1,0.4000000000000001,0.3381344975952745
2.12699,4.06632,3.1262,0.5,0.1,0.5,0.7439307793981793
2.12699,4.06632,3.1262,0.5,0.1,0.6000000000000001,0.5819085475433775
2.12699,4.06632,3.1262,0.5,0.1,0.7000000000000001,0.8546466090904117
2.12699,4.06632,3.1262,0.5,0.1,0.8,0.676995998290518
2.12699,4.06632,3.1262,0.5,0.1,0.9000000000000001,0.8850679343052223
2.12699,4.06632,3.1262,0.5,0.1,1.0,0.3337306390382989
2.12699,4.06632,3.1262,0.5,0.2,0.1,0.2194196187166774
2.12699,4.06632,3.1262,0.5,0.2,0.2,0.8732543328301818
2.12699,4.06632,3.1262,0.5,0.2,0.3,0.5328864425522759
2.12699,4.06632,3.1262,0.5,0.2,0.4000000000000001,0.4810492455254812
2.12699,4.06632,3.1262,0.5,0.2,0.5,0.772518305590387
2.12699,4.06632,3.1262,0.5,0.2,0.6000000000000001,0.2921647508819577
2.12699,4.06632,3.1262,0.5,0.2,0.7000000000000001,0.5874723355561218
2.12699,4.06632,3.1262,0.5,0.2,0.8,0.3454747606041953
2.12699,4.06632,3.1262,0.5,0.2,0.9000000000000001,0.8264574296630893
2.12699,4.06632,3.1262,0.5,0.2,1.0,0.8708255271280103
2.12699,4.06632,3.1262,0.5,0.3,0.1,0.5324672427751432
2.12699,4.06632,3.1262,0.5,0.3,0.2,0.888488613837595
2.12699,4.06632,3.1262,0.5,0.3,0.3,0.214805091447135
2.12699,4.06632,3.1262,0.5,0.3,0.4000000000000001,0.7099060024573869
2.12699,4.06632,3.1262,0.5,0.3,0.5,0.9481017198031138
2.12699,4.06632,3.1262,0.5,0.3,0.6000000000000001,0.5863158236255215
2.12699,4.06632,3.1262,0.5,0.3,0.7000000000000001,0.6459958937680613
2.12699,4.06632,3.1262,0.5,0.3,0.8,0.8266346564061985
2.12699,4.06632,3.1262,0.5,0.3,0.9000000000000001,0.5319862152886067
2.12699,4.06632,3.1262,0.5,0.3,1.0,0.30602839137993
2.12699,4.06632,3.1262,0.5,0.4000000000000001,0.1,0.3522988386071934
2.12699,4.06632,3.1262,0.5,0.4000000000000001,0.2,0.2504638899559084
2.12699,4.06632,3.1262,0.5,0.4000000000000001,0.3,0.641130588301559
2.12699,4.06632,3.1262,0.5,0.4000000000000001,0.4000000000000001,0.5008033244631024
2.12699,4.06632,3.1262,0.5,0.4000000000000001,0.5,0.6714295937736456
2.12699,4.06632,3.1262,0.5,0.4000000000000001,0.6000000000000001,0.190246501314921
2.12699,4.06632,3.1262,0.5,0.4000000000000001,0.7000000000000001,0.5568126164541166
2.12699,4.06632,3.1262,0.5,0.4000000000000001,0.8,0.391113927832419
2.12699,4.06632,3.1262,0.5,0.4000000000000001,0.9000000000000001,0.6696610455291467
2.12699,4.06632,3.1262,0.5,0.4000000000000001,1.0,0.7378267734709247
2.12699,4.06632,3.1262,0.5,0.5,0.1,0.195307134444407
2.12699,4.06632,3.1262,0.5,0.5,0.2,0.4637895550484341
2.12699,4.06632,3.1262,0.5,0.5,0.3,0.1533695264861293
2.12699,4.06632,3.1262,0.5,0.5,0.4000000000000001,0.508923866610791
2.12699,4.06632,3.1262,0.5,0.5,0.5,0.1715680233402207
2.12699,4.06632,3.1262,0.5,0.5,0.6000000000000001,0.5983109761981046
2.12699,4.06632,3.1262,0.5,0.5,0.7000000000000001,0.4211494934833933
2.12699,4.06632,3.1262,0.5,0.5,0.8,0.364726793704957
2.12699,4.06632,3.1262,0.5,0.5,0.9000000000000001,0.2131343447493701
2.12699,4.06632,3.1262,0.5,0.5,1.0,0.133891501037452
2.12699,4.06632,3.1262,0.5,0.6000000000000001,0.1,0.7848577385552182
2.12699,4.06632,3.1262,0.5,0.6000000000000001,0.2,0.1052856567379914
2.12699,4.06632,3.1262,0.5,0.6000000000000001,0.3,0.6244633433287904
2.12699,4.06632,3.1262,0.5,0.6000000000000001,0.4000000000000001,0.4450270007888676
2.12699,4.06632,3.1262,0.5,0.6000000000000001,0.5,0.5719668822704607
2.12699,4.06632,3.1262,0.5,0.6000000000000001,0.6000000000000001,0.6197879315574207
2.12699,4.06632,3.1262,0.5,0.6000000000000001,0.7000000000000001,0.1965700771973884
2.12699,4.06632,3.1262,0.5,0.6000000000000001,0.8,0.2232090169574204
2.12699,4.06632,3.1262,0.5,0.6000000000000001,0.9000000000000001,0.2550074412358069
2.12699,4.06632,3.1262,0.5,0.6000000000000001,1.0,0.1816558828675688
2.12699,4.06632,3.1262,0.5,0.7000000000000001,0.1,0.3313199343899896
2.12699,4.06632,3.1262,0.5,0.7000000000000001,0.2,0.5416537541774316
2.12699,4.06632,3.1262,0.5,0.7000000000000001,0.3,0.4098298764663757
2.12699,4.06632,3.1262,0.5,0.7000000000000001,0.4000000000000001,0.1689078175128437
2.12699,4.06632,3.1262,0.5,0.7000000000000001,0.5,0.4753482507620883
2.12699,4.06632,3.1262,0.5,0.7000000000000001,0.6000000000000001,0.8255927059193952
2.12699,4.06632,3.1262,0.5,0.7000000000000001,0.7000000000000001,0.3327928917765009
2.12699,4.06632,3.1262,0.5,0.7000000000000001,0.8,0.7731830536559114
2.12699,4.06632,3.1262,0.5,0.7000000000000001,0.9000000000000001,0.7468877587836413
2.12699,4.06632,3.1262,0.5,0.7000000000000001,1.0,0.9650717121774176
2.12699,4.06632,3.1262,0.5,0.8,0.1,0.5620606606484856
2.12699,4.06632,3.1262,0.5,0.8,0.2,0.3371656748408621
2.12699,4.06632,3.1262,0.5,0.8,0.3,0.3882500276694642
2.12699,4.06632,3.1262,0.5,0.8,0.4000000000000001,0.730586586036749
2.12699,4.06632,3.1262,0.5,0.8,0.5,0.890480144172844
2.12699,4.06632,3.1262,0.5,0.8,0.6000000000000001,0.8336825572885859
2.12699,4.06632,3.1262,0.5,0.8,0.7000000000000001,0.8166929268452551
2.12699,4.06632,3.1262,0.5,0.8,0.8,0.1514183048104244
2.12699,4.06632,3.1262,0.5,0.8,0.9000000000000001,0.1365668723752467
2.12699,4.06632,3.1262,0.5,0.8,1.0,0.1500256156794419
2.12699,4.06632,3.1262,0.5,0.9000000000000001,0.1,0.7388699912141071
2.12699,4.06632,3.1262,0.5,0.9000000000000001,0.2,0.1398375282053431
2.12699,4.06632,3.1262,0.5,0.9000000000000001,0.3,0.6475928069730379
2.12699,4.06632,3.1262,0.5,0.9000000000000001,0.4000000000000001,0.2983963224427468
2.12699,4.06632,3.1262,0.5,0.9000000000000001,0.5,0.655798086033694
2.12699,4.06632,3.1262,0.5,0.9000000000000001,0.6000000000000001,0.3472221596022987
2.12699,4.06632,3.1262,0.5,0.9000000000000001,0.7000000000000001,0.2447008207177125
2.12699,4.06632,3.1262,0.5,0.9000000000000001,0.8,0.8789822782492062
2.12699,4.06632,3.1262,0.5,0.9000000000000001,0.9000000000000001,0.6548558536200294
2.12699,4.06632,3.1262,0.5,0.9000000000000001,1.0,0.2812682223699233
2.12699,4.06632,3.1262,0.5,1.0,0.1,0.713842031229277
2.12699,4.06632,3.1262,0.5,1.0,0.2,0.5909885649962697
2.12699,4.06632,3.1262,0.5,1.0,0.3,0.4462486478079568
2.12699,4.06632,3.1262,0.5,1.0,0.4000000000000001,0.3398108902062758
2.12699,4.06632,3.1262,0.5,1.0,0.5,0.3058607441872806
2.12699,4.06632,3.1262,0.5,1.0,0.6000000000000001,0.684191757088996
2.12699,4.06632,3.1262,0.5,1.0,0.7000000000000001,0.1814957428087168
2.12699,4.06632,3.1262,0.5,1.0,0.8,0.9105970414445674
2.12699,4.06632,3.1262,0.5,1.0,0.9000000000000001,0.6145097160929512
2.12699,4.06632,3.1262,0.5,1.0,1.0,0.6911861863613266
2.12699,4.06632,3.1262,0.6000000000000001,0.1,0.1,0.5762410886740656
2.12699,4.06632,3.1262,0.6000000000000001,0.1,0.2,0.3289502185802544
2.12699,4.06632,3.1262,0.6000000000000001,0.1,0.3,0.8429435798245759
2.12699,4.06632,3.1262,0.6000000000000001,0.1,0.4000000000000001,0.7136763505936777
2.12699,4.06632,3.1262,0.6000000000000001,0.1,0.5,0.5569030391458565
2.12699,4.06632,3.1262,0.6000000000000001,0.1,0.6000000000000001,0.4930801627003592
2.12699,4.06632,3.1262,0.6000000000000001,0.1,0.7000000000000001,0.5956804949241428
2.12699,4.06632,3.1262,0.6000000000000001,0.1,0.8,0.1018778918276233
2.12699,4.06632,3.1262,0.6000000000000001,0.1,0.9000000000000001,0.9378082846381466
2.12699,4.06632,3.1262,0.6000000000000001,0.1,1.0,0.9494320594952562
2.12699,4.06632,3.1262,0.6000000000000001,0.2,0.1,0.5272167819524907
2.12699,4.06632,3.1262,0.6000000000000001,0.2,0.2,0.2708211262972536
2.12699,4.06632,3.1262,0.6000000000000001,0.2,0.3,0.3263970897504647
2.12699,4.06632,3.1262,0.6000000000000001,0.2,0.4000000000000001,0.1158498845483597
2.12699,4.06632,3.1262,0.6000000000000001,0.2,0.5,0.9359461478295502
2.12699,4.06632,3.1262,0.6000000000000001,0.2,0.6000000000000001,0.252573873713169
2.12699,4.06632,3.1262,0.6000000000000001,0.2,0.7000000000000001,0.7569711400032524
2.12699,4.06632,3.1262,0.6000000000000001,0.2,0.8,0.1389404799251437
2.12699,4.06632,3.1262,0.6000000000000001,0.2,0.9000000000000001,0.5702954320500967
2.12699,4.06632,3.1262,0.6000000000000001,0.2,1.0,0.7100490560839838
2.12699,4.06632,3.1262,0.6000000000000001,0.3,0.1,0.370923358266209
2.12699,4.06632,3.1262,0.6000000000000001,0.3,0.2,0.4076649748157934
2.12699,4.06632,3.1262,0.6000000000000001,0.3,0.3,0.4849795090460116
2.12699,4.06632,3.1262,0.6000000000000001,0.3,0.4000000000000001,0.6548597218658089
2.12699,4.06632,3.1262,0.6000000000000001,0.3,0.5,0.7940824521234227
2.12699,4.06632,3.1262,0.6000000000000001,0.3,0.6000000000000001,0.4389339341478442
2.12699,4.06632,3.1262,0.6000000000000001,0.3,0.7000000000000001,0.1213648943148732
2.12699,4.06632,3.1262,0.6000000000000001,0.3,0.8,0.5460828006611017
2.12699,4.06632,3.1262,0.6000000000000001,0.3,0.9000000000000001,0.4152332288177622
2.12699,4.06632,3.1262,0.6000000000000001,0.3,1.0,0.6340456201393098
2.12699,4.06632,3.1262,0.6000000000000001,0.4000000000000001,0.1,0.4777805793516544
2.12699,4.06632,3.1262,0.6000000000000001,0.4000000000000001,0.2,0.3632850196067235
2.12699,4.06632,3.1262,0.6000000000000001,0.4000000000000001,0.3,0.2250200004935981
2.12699,4.06632,3.1262,0.6000000000000001,0.4000000000000001,0.4000000000000001,0.8206421233906778
2.12699,4.06632,3.1262,0.6000000000000001,0.4000000000000001,0.5,0.6273860201955418
2.12699,4.06632,3.1262,0.6000000000000001,0.4000000000000001,0.6000000000000001,0.6755875300483926
2.12699,4.06632,3.1262,0.6000000000000001,0.4000000000000001,0.7000000000000001,0.8301558428514605
2.12699,4.06632,3.1262,0.6000000000000001,0.4000000000000001,0.8,0.6384455078234409
2.12699,4.06632,3.1262,0.6000000000000001,0.4000000000000001,0.9000000000000001,0.4214062760739111
2.12699,4.06632,3.1262,0.6000000000000001,0.4000000000000001,1.0,0.5885629765999694
2.12699,4.06632,3.1262,0.6000000000000001,0.5,0.1,0.4046726228133541
2.12699,4.06632,3.1262,0.6000000000000001,0.5,0.2,0.7585420229513388
2.12699,4.06632,3.1262,0.6000000000000001,0.5,0.3,0.4857866740571468
2.12699,4.06632,3.1262,0.6000000000000001,0.5,0.4000000000000001,0.2348870905783234
2.12699,4.06632,3.1262,0.6000000000000001,0.5,0.5,0.6389010943934955
2.12699,4.06632,3.1262,0.6000000000000001,0.5,0.6000000000000001,0.4524213522994241
2.12699,4.06632,3.1262,0.6000000000000001,0.5,0.7000000000000001,0.3806176604920066
2.12699,4.06632,3.1262,0.6000000000000001,0.5,0.8,0.3335217535465063
2.12699,4.06632,3.1262,0.6000000000000001,0.5,0.9000000000000001,0.3959159983310149
2.12699,4.06632,3.1262,0.6000000000000001,0.5,1.0,0.8821838653612205
2.12699,4.06632,3.1262,0.6000000000000001,0.6000000000000001,0.1,0.5972310872653748
2.12699,4.06632,3.1262,0.6000000000000001,0.6000000000000001,0.2,0.1735944155138445
2.12699,4.06632,3.1262,0.6000000000000001,0.6000000000000001,0.3,0.9121729333114468
2.12699,4.06632,3.1262,0.6000000000000001,0.6000000000000001,0.4000000000000001,0.6150067217008085
2.12699,4.06632,3.1262,0.6000000000000001,0.6000000000000001,0.5,0.9210776565074826
2.12699,4.06632,3.1262,0.6000000000000001,0.6000000000000001,0.6000000000000001,0.841262236166505
2.12699,4.06632,3.1262,0.6000000000000001,0.6000000000000001,0.7000000000000001,0.5394550202691392
2.12699,4.06632,3.1262,0.6000000000000001,0.6000000000000001,0.8,0.6255594664360122
2.12699,4.06632,3.1262,0.6000000000000001,0.6000000000000001,0.9000000000000001,0.3461675392731438
2.12699,4.06632,3.1262,0.6000000000000001,0.6000000000000001,1.0,0.6873092050675589
2.12699,4.06632,3.1262,0.6000000000000001,0.7000000000000001,0.1,0.2308380799599924
2.12699,4.06632,3.1262,0.6000000000000001,0.7000000000000001,0.2,0.3505986282461715
2.12699,4.06632,3.1262,0.6000000000000001,0.7000000000000001,0.3,0.2522391197230381
2.12699,4.06632,3.1262,0.6000000000000001,0.7000000000000001,0.4000000000000001,0.2418902477313968
2.12699,4.06632,3.1262,0.6000000000000001,0.7000000000000001,0.5,0.5690359889417458
2.12699,4.06632,3.1262,0.6000000000000001,0.7000000000000001,0.6000000000000001,0.8670646611267815
2.12699,4.06632,3.1262,0.6000000000000001,0.7000000000000001,0.7000000000000001,0.577348597451605
2.12699,4.06632,3.1262,0.6000000000000001,0.7000000000000001,0.8,0.2757303482675736
2.12699,4.06632,3.1262,0.6000000000000001,0.7000000000000001,0.9000000000000001,0.7706884067789747
2.12699,4.06632,3.1262,0.6000000000000001,0.7000000000000001,1.0,0.6847196940685576
2.12699,4.06632,3.1262,0.6000000000000001,0.8,0.1,0.1701335472962601
2.12699,4.06632,3.1262,0.6000000000000001,0.8,0.2,0.1248632154167266
2.12699,4.06632,3.1262,0.6000000000000001,0.8,0.3,0.4066454112489694
2.12699,4.06632,3.1262,0.6000000000000001,0.8,0.4000000000000001,0.8611079525581908
2.12699,4.06632,3.1262,0.6000000000000001,0.8,0.5,0.4378019848329703
2.12699,4.06632,3.1262,0.6000000000000001,0.8,0.6000000000000001,0.3136133228721554
2.12699,4.06632,3.1262,0.6000000000000001,0.8,0.7000000000000001,0.2710428736508518
2.12699,4.06632,3.1262,0.6000000000000001,0.8,0.8,0.9170021407313436
2.12699,4.06632,3.1262,0.6000000000000001,0.8,0.9000000000000001,0.9171337719431318
2.12699,4.06632,3.1262,0.6000000000000001,0.8,1.0,0.4633755637715738
2.12699,4.06632,3.1262,0.6000000000000001,0.9000000000000001,0.1,0.894117977272051
2.12699,4.06632,3.1262,0.6000000000000001,0.9000000000000001,0.2,0.6247000430567143
2.12699,4.06632,3.1262,0.6000000000000001,0.9000000000000001,0.3,0.9151423761444633
2.12699,4.06632,3.1262,0.6000000000000001,0.9000000000000001,0.4000000000000001,0.5909462865382706
2.12699,4.06632,3.1262,0.6000000000000001,0.9000000000000001,0.5,0.7517748536909249
2.12699,4.06632,3.1262,0.6000000000000001,0.9000000000000001,0.6000000000000001,0.3201219647585837
2.12699,4.06632,3.1262,0.6000000000000001,0.9000000000000001,0.7000000000000001,0.7321158246826809
2.12699,4.06632,3.1262,0.6000000000000001,0.9000000000000001,0.8,0.4744050567840482
2.12699,4.06632,3.1262,0.6000000000000001,0.9000000000000001,0.9000000000000001,0.7594882198991828
2.12699,4.06632,3.1262,0.6000000000000001,0.9000000000000001,1.0,0.5067332637846167
2.12699,4.06632,3.1262,0.6000000000000001,1.0,0.1,0.4365938663200448
2.12699,4.06632,3.1262,0.6000000000000001,1.0,0.2,0.5982838870983862
2.12699,4.06632,3.1262,0.6000000000000001,1.0,0.3,0.4558725418664286
2.12699,4.06632,3.1262,0.6000000000000001,1.0,0.4000000000000001,0.5905850474524373
2.12699,4.06632,3.1262,0.6000000000000001,1.0,0.5,0.294552877109165
2.12699,4.06632,3.1262,0.6000000000000001,1.0,0.6000000000000001,0.9529087484886734
2.12699,4.06632,3.1262,0.6000000000000001,1.0,0.7000000000000001,0.8313511827866541
2.12699,4.06632,3.1262,0.6000000000000001,1.0,0.8,0.1376401541271051
2.12699,4.06632,3.1262,0.6000000000000001,1.0,0.9000000000000001,0.5748087274801718
2.12699,4.06632,3.1262,0.6000000000000001,1.0,1.0,0.1134428545653197
2.12699,4.06632,3.1262,0.7000000000000001,0.1,0.1,0.6654157755486877
2.12699,4.06632,3.1262,0.7000000000000001,0.1,0.2,0.3206544560464038
2.12699,4.06632,3.1262,0.7000000000000001,0.1,0.3,0.4311115840518194
2.12699,4.06632,3.1262,0.7000000000000001,0.1,0.4000000000000001,0.8130535212520009
2.12699,4.06632,3.1262,0.7000000000000001,0.1,0.5,0.4864621284838547
2.12699,4.06632,3.1262,0.7000000000000001,0.1,0.6000000000000001,0.1053515958116277
2.12699,4.06632,3.1262,0.7000000000000001,0.1,0.7000000000000001,0.6403930016197594
2.12699,4.06632,3.1262,0.7000000000000001,0.1,0.8,0.27675373121099
2.12699,4.06632,3.1262,0.7000000000000001,0.1,0.9000000000000001,0.5324613798930107
2.12699,4.06632,3.1262,0.7000000000000001,0.1,1.0,0.8892520862843335
2.12699,4.06632,3.1262,0.7000000000000001,0.2,0.1,0.6094097400372414
2.12699,4.06632,3.1262,0.7000000000000001,0.2,0.2,0.9255274633663376
2.12699,4.06632,3.1262,0.7000000000000001,0.2,0.3,0.637311600632518
2.12699,4.06632,3.1262,0.7000000000000001,0.2,0.4000000000000001,0.3507121226952346
2.12699,4.06632,3.1262,0.7000000000000001,0.2,0.5,0.3682642295956809
2.12699,4.06632,3.1262,0.7000000000000001,0.2,0.6000000000000001,0.7576893942029493
2.12699,4.06632,3.1262,0.7000000000000001,0.2,0.7000000000000001,0.7716999513199166
2.12699,4.06632,3.1262,0.7000000000000001,0.2,0.8,0.9750700745195878
2.12699,4.06632,3.1262,0.7000000000000001,0.2,0.9000000000000001,0.3062370049040693
2.12699,4.06632,3.1262,0.7000000000000001,0.2,1.0,0.3556424103905977
2.12699,4.06632,3.1262,0.7000000000000001,0.3,0.1,0.1882458096177616
2.12699,4.06632,3.1262,0.7000000000000001,0.3,0.2,0.941431060656556
2.12699,4.06632,3.1262,0.7000000000000001,0.3,0.3,0.7947316845425152
2.12699,4.06632,3.1262,0.7000000000000001,0.3,0.4000000000000001,0.9535322049941616
2.12699,4.06632,3.1262,0.7000000000000001,0.3,0.5,0.897067948340369
2.12699,4.06632,3.1262,0.7000000000000001,0.3,0.6000000000000001,0.2910093514383686
2.12699,4.06632,3.1262,0.7000000000000001,0.3,0.7000000000000001,0.6406518582173943
2.12699,4.06632,3.1262,0.7000000000000001,0.3,0.8,0.6748914479469633
2.12699,4.06632,3.1262,0.7000000000000001,0.3,0.9000000000000001,0.4844675763229622
2.12699,4.06632,3.1262,0.7000000000000001,0.3,1.0,0.7355552029044599
2.12699,4.06632,3.1262,0.7000000000000001,0.4000000000000001,0.1,0.3266927831234192
2.12699,4.06632,3.1262,0.7000000000000001,0.4000000000000001,0.2,0.2777684694239879
2.12699,4.06632,3.1262,0.7000000000000001,0.4000000000000001,0.3,0.3521460163534636
2.12699,4.06632,3.1262,0.7000000000000001,0.4000000000000001,0.4000000000000001,0.4213595263364399
2.12699,4.06632,3.1262,0.7000000000000001,0.4000000000000001,0.5,0.9638808565777848
2.12699,4.06632,3.1262,0.7000000000000001,0.4000000000000001,0.6000000000000001,0.8310109497590196
2.12699,4.06632,3.1262,0.7000000000000001,0.4000000000000001,0.7000000000000001,0.7478563280193111
2.12699,4.06632,3.1262,0.7000000000000001,0.4000000000000001,0.8,0.4811321475973875
2.12699,4.06632,3.1262,0.7000000000000001,0.4000000000000001,0.9000000000000001,0.722659803449013
2.12699,4.06632,3.1262,0.7000000000000001,0.4000000000000001,1.0,0.8764173330645071
2.12699,4.06632,3.1262,0.7000000000000001,0.5,0.1,0.8600251112661732
2.12699,4.06632,3.1262,0.7000000000000001,0.5,0.2,0.8305021936225789
2.12699,4.06632,3.1262,0.7000000000000001,0.5,0.3,0.7429210908121762
2.12699,4.06632,3.1262,0.7000000000000001,0.5,0.4000000000000001,0.4428113924149276
2.12699,4.06632,3.1262,0.7000000000000001,0.5,0.5,0.9491224840111816
2.12699,4.06632,3.1262,0.7000000000000001,0.5,0.6000000000000001,0.8406182504491083
2.12699,4.06632,3.1262,0.7000000000000001,0.5,0.7000000000000001,0.3769391636035335
2.12699,4.06632,3.1262,0.7000000000000001,0.5,0.8,0.2699524737244837
2.12699,4.06632,3.1262,0.7000000000000001,0.5,0.9000000000000001,0.2730334240043102
2.12699,4.06632,3.1262,0.7000000000000001,0.5,1.0,0.4448631431173919
2.12699,4.06632,3.1262,0.7000000000000001,0.6000000000000001,0.1,0.6994457630222434
2.12699,4.06632,3.1262,0.7000000000000001,0.6000000000000001,0.2,0.4286024579547577
2.12699,4.06632,3.1262,0.7000000000000001,0.6000000000000001,0.3,0.8201238917364936
2.12699,4.06632,3.1262,0.7000000000000001,0.6000000000000001,0.4000000000000001,0.2479564940240237
2.12699,4.06632,3.1262,0.7000000000000001,0.6000000000000001,0.5,0.2640165242960498
2.12699,4.06632,3.1262,0.7000000000000001,0.6000000000000001,0.6000000000000001,0.140283650303505
2.12699,4.06632,3.1262,0.7000000000000001,0.6000000000000001,0.7000000000000001,0.4468560024235454
2.12699,4.06632,3.1262,0.7000000000000001,0.6000000000000001,0.8,0.4759690128080991
2.12699,4.06632,3.1262,0.7000000000000001,0.6000000000000001,0.9000000000000001,0.8980222904566695
2.12699,4.06632,3.1262,0.7000000000000001,0.6000000000000001,1.0,0.7224343220736076
2.12699,4.06632,3.1262,0.7000000000000001,0.7000000000000001,0.1,0.1866223659866361
2.12699,4.06632,3.1262,0.7000000000000001,0.7000000000000001,0.2,0.7690528255318946
2.12699,4.06632,3.1262,0.7000000000000001,0.7000000000000001,0.3,0.7190370396481971
2.12699,4.06632,3.1262,0.7000000000000001,0.7000000000000001,0.4000000000000001,0.3219261209796672
2.12699,4.06632,3.1262,0.7000000000000001,0.7000000000000001,0.5,0.4820719003608112
2.12699,4.06632,3.1262,0.7000000000000001,0.7000000000000001,0.6000000000000001,0.3454137961717325
2.12699,4.06632,3.1262,0.7000000000000001,0.7000000000000001,0.7000000000000001,0.8613128220830267
2.12699,4.06632,3.1262,0.7000000000000001,0.7000000000000001,0.8,0.2082026597018189
2.12699,4.06632,3.1262,0.7000000000000001,0.7000000000000001,0.9000000000000001,0.2039541633867423
2.12699,4.06632,3.1262,0.7000000000000001,0.7000000000000001,1.0,0.3055961913747862
2.12699,4.06632,3.1262,0.7000000000000001,0.8,0.1,0.6749238263761164
2.12699,4.06632,3.1262,0.7000000000000001,0.8,0.2,0.6060177075742758
2.12699,4.06632,3.1262,0.7000000000000001,0.8,0.3,0.4236191152814198
2.12699,4.06632,3.1262,0.7000000000000001,0.8,0.4000000000000001,0.2934455535080589
2.12699,4.06632,3.1262,0.7000000000000001,0.8,0.5,0.7184132182610425
2.12699,4.06632,3.1262,0.7000000000000001,0.8,0.6000000000000001,0.1853179215178927
2.12699,4.06632,3.1262,0.7000000000000001,0.8,0.7000000000000001,0.3064894022670608
2.12699,4.06632,3.1262,0.7000000000000001,0.8,0.8,0.9835806562641388
2.12699,4.06632,3.1262,0.7000000000000001,0.8,0.9000000000000001,0.9938154454596636
2.12699,4.06632,3.1262,0.7000000000000001,0.8,1.0,0.5987565968028354
2.12699,4.06632,3.1262,0.7000000000000001,0.9000000000000001,0.1,0.8003018842087042
2.12699,4.06632,3.1262,0.7000000000000001,0.9000000000000001,0.2,0.9699032338840324
2.12699,4.06632,3.1262,0.7000000000000001,0.9000000000000001,0.3,0.6621467960751646
2.12699,4.06632,3.1262,0.7000000000000001,0.9000000000000001,0.4000000000000001,0.8123077261249155
2.12699,4.06632,3.1262,0.7000000000000001,0.9000000000000001,0.5,0.987389697877712
2.12699,4.06632,3.1262,0.7000000000000001,0.9000000000000001,0.6000000000000001,0.9552716733817456
2.12699,4.06632,3.1262,0.7000000000000001,0.9000000000000001,0.7000000000000001,0.8275214878870661
2.12699,4.06632,3.1262,0.7000000000000001,0.9000000000000001,0.8,0.5820679493333086
2.12699,4.06632,3.1262,0.7000000000000001,0.9000000000000001,0.9000000000000001,0.2285142559204016
2.12699,4.06632,3.1262,0.7000000000000001,0.9000000000000001,1.0,0.6410129154479848
2.12699,4.06632,3.1262,0.7000000000000001,1.0,0.1,0.9874293365139996
2.12699,4.06632,3.1262,0.7000000000000001,1.0,0.2,0.4621588374611668
2.12699,4.06632,3.1262,0.7000000000000001,1.0,0.3,0.2932416040866973
2.12699,4.06632,3.1262,0.7000000000000001,1.0,0.4000000000000001,0.1814950915267224
2.12699,4.06632,3.1262,0.7000000000000001,1.0,0.5,0.4647614545896728
2.12699,4.06632,3.1262,0.7000000000000001,1.0,0.6000000000000001,0.6298438295310279
2.12699,4.06632,3.1262,0.7000000000000001,1.0,0.7000000000000001,0.948755295161948
2.12699,4.06632,3.1262,0.7000000000000001,1.0,0.8,0.969152128600682
2.12699,4.06632,3.1262,0.7000000000000001,1.0,0.9000000000000001,0.7611139778609044
2.12699,4.06632,3.1262,0.7000000000000001,1.0,1.0,0.3260247837103654
2.12699,4.06632,3.1262,0.8,0.1,0.1,0.7490097869009965
2.12699,4.06632,3.1262,0.8,0.1,0.2,0.7679310984915754
2.12699,4.06632,3.1262,0.8,0.1,0.3,0.4330942611970237
2.12699,4.06632,3.1262,0.8,0.1,0.4000000000000001,0.3791176546457424
2.12699,4.06632,3.1262,0.8,0.1,0.5,0.6170822680990573
2.12699,4.06632,3.1262,0.8,0.1,0.6000000000000001,0.2853827797107197
2.12699,4.06632,3.1262,0.8,0.1,0.7000000000000001,0.9674197293519292
2.12699,4.06632,3.1262,0.8,0.1,0.8,0.5161641166206269
2.12699,4.06632,3.1262,0.8,0.1,0.9000000000000001,0.4543898574667658
2.12699,4.06632,3.1262,0.8,0.1,1.0,0.2137075183158263
2.12699,4.06632,3.1262,0.8,0.2,0.1,0.2994911580219358
2.12699,4.06632,3.1262,0.8,0.2,0.2,0.6176036287201898
2.12699,4.06632,3.1262,0.8,0.2,0.3,0.9439663545885992
2.12699,4.06632,3.1262,0.8,0.2,0.4000000000000001,0.8388245908448836
2.12699,4.06632,3.1262,0.8,0.2,0.5,0.4435201695074612
2.12699,4.06632,3.1262,0.8,0.2,0.6000000000000001,0.5820648049056987
2.12699,4.06632,3.1262,0.8,0.2,0.7000000000000001,0.6903206011790101
2.12699,4.06632,3.1262,0.8,0.2,0.8,0.932555981652899
2.12699,4.06632,3.1262,0.8,0.2,0.9000000000000001,0.5381168240196497
2.12699,4.06632,3.1262,0.8,0.2,1.0,0.1946865418870899
2.12699,4.06632,3.1262,0.8,0.3,0.1,0.3891608165629659
2.12699,4.06632,3.1262,0.8,0.3,0.2,0.4090034235355068
2.12699,4.06632,3.1262,0.8,0.3,0.3,0.448807975660734
2.12699,4.06632,3.1262,0.8,0.3,0.4000000000000001,0.9638851194480128
2.12699,4.06632,3.1262,0.8,0.3,0.5,0.5517220417947521
2.12699,4.06632,3.1262,0.8,0.3,0.6000000000000001,0.5607393557075269
2.12699,4.06632,3.1262,0.8,0.3,0.7000000000000001,0.9183770401714334
2.12699,4.06632,3.1262,0.8,0.3,0.8,0.6331285220440097
2.12699,4.06632,3.1262,0.8,0.3,0.9000000000000001,0.7730077365214342
2.12699,4.06632,3.1262,0.8,0.3,1.0,0.1403347819070229
2.12699,4.06632,3.1262,0.8,0.4000000000000001,0.1,0.9883893480126956
2.12699,4.06632,3.1262,0.8,0.4000000000000001,0.2,0.4760533798446977
2.12699,4.06632,3.1262,0.8,0.4000000000000001,0.3,0.4971448289984178
2.12699,4.06632,3.1262,0.8,0.4000000000000001,0.4000000000000001,0.368709364576268
2.12699,4.06632,3.1262,0.8,0.4000000000000001,0.5,0.8475519680731224
2.12699,4.06632,3.1262,0.8,0.4000000000000001,0.6000000000000001,0.8075909946887183
2.12699,4.06632,3.1262,0.8,0.4000000000000001,0.7000000000000001,0.9724632647203908
2.12699,4.06632,3.1262,0.8,0.4000000000000001,0.8,0.4037804097797107
2.12699,4.06632,3.1262,0.8,0.4000000000000001,0.9000000000000001,0.7187107763058187
2.12699,4.06632,3.1262,0.8,0.4000000000000001,1.0,0.228640347633668
2.12699,4.06632,3.1262,0.8,0.5,0.1,0.4128866157323392
2.12699,4.06632,3.1262,0.8,0.5,0.2,0.313969632209036
2.12699,4.06632,3.1262,0.8,0.5,0.3,0.4887554970603424
2.12699,4.06632,3.1262,0.8,0.5,0.4000000000000001,0.4879504868709632
2.12699,4.06632,3.1262,0.8,0.5,0.5,0.8761790129798253
2.12699,4.06632,3.1262,0.8,0.5,0.6000000000000001,0.1490249113760796
2.12699,4.06632,3.1262,0.8,0.5,0.7000000000000001,0.3091138260973
2.12699,4.06632,3.1262,0.8,0.5,0.8,0.816070687915586
2.12699,4.06632,3.1262,0.8,0.5,0.9000000000000001,0.2854644665648915
2.12699,4.06632,3.1262,0.8,0.5,1.0,0.7153610112894249
2.12699,4.06632,3.1262,0.8,0.6000000000000001,0.1,0.6672239813646085
2.12699,4.06632,3.1262,0.8,0.6000000000000001,0.2,0.3052314683198426
2.12699,4.06632,3.1262,0.8,0.6000000000000001,0.3,0.5365881337590845
2.12699,4.06632,3.1262,0.8,0.6000000000000001,0.4000000000000001,0.7881948325663302
2.12699,4.06632,3.1262,0.8,0.6000000000000001,0.5,0.2271216211842399
2.12699,4.06632,3.1262,0.8,0.6000000000000001,0.6000000000000001,0.5166917802823089
2.12699,4.06632,3.1262,0.8,0.6000000000000001,0.7000000000000001,0.9970775832371842
2.12699,4.06632,3.1262,0.8,0.6000000000000001,0.8,0.1379935257830376
2.12699,4.06632,3.1262,0.8,0.6000000000000001,0.9000000000000001,0.4653639190464566
2.12699,4.06632,3.1262,0.8,0.6000000000000001,1.0,0.1390504902289455
2.12699,4.06632,3.1262,0.8,0.7000000000000001,0.1,0.7136366203752909
2.12699,4.06632,3.1262,0.8,0.7000000000000001,0.2,0.612892889399376
2.12699,4.06632,3.1262,0.8,0.7000000000000001,0.3,0.3600948857537148
2.12699,4.06632,3.1262,0.8,0.7000000000000001,0.4000000000000001,0.1669324289002865
2.12699,4.06632,3.1262,0.8,0.7000000000000001,0.5,0.1942897532629436
2.12699,4.06632,3.1262,0.8,0.7000000000000001,0.6000000000000001,0.8545435067730488
2.12699,4.06632,3.1262,0.8,0.7000000000000001,0.7000000000000001,0.8269284643981193
2.12699,4.06632,3.1262,0.8,0.7000000000000001,0.8,0.246639818441435
2.12699,4.06632,3.1262,0.8,0.7000000000000001,0.9000000000000001,0.2342463917443351
2.12699,4.06632,3.1262,0.8,0.7000000000000001,1.0,0.1622981451287149
2.12699,4.06632,3.1262,0.8,0.8,0.1,0.833921034386937
2.12699,4.06632,3.1262,0.8,0.8,0.2,0.4534492943202809
2.12699,4.06632,3.1262,0.8,0.8,0.3,0.2541830319157472
2.12699,4.06632,3.1262,0.8,0.8,0.4000000000000001,0.8902603668382586
2.12699,4.06632,3.1262,0.8,0.8,0.5,0.9723360751186292
2.12699,4.06632,3.1262,0.8,0.8,0.6000000000000001,0.5027575412780845
2.12699,4.06632,3.1262,0.8,0.8,0.7000000000000001,0.7633650434765659
2.12699,4.06632,3.1262,0.8,0.8,0.8,0.4154709236224255
2.12699,4.06632,3.1262,0.8,0.8,0.9000000000000001,0.5462578793072064
2.12699,4.06632,3.1262,0.8,0.8,1.0,0.163315266640784
2.12699,4.06632,3.1262,0.8,0.9000000000000001,0.1,0.8122565342330681
2.12699,4.06632,3.1262,0.8,0.9000000000000001,0.2,0.1824764773751743
2.12699,4.06632,3.1262,0.8,0.9000000000000001,0.3,0.580710491069609
2.12699,4.06632,3.1262,0.8,0.9000000000000001,0.4000000000000001,0.1064076843171842
2.12699,4.06632,3.1262,0.8,0.9000000000000001,0.5,0.1949610993182748
2.12699,4.06632,3.1262,0.8,0.9000000000000001,0.6000000000000001,0.5533931052613387
2.12699,4.06632,3.1262,0.8,0.9000000000000001,0.7000000000000001,0.962000999784124
2.12699,4.06632,3.1262,0.8,0.9000000000000001,0.8,0.9232718346322446
2.12699,4.06632,3.1262,0.8,0.9000000000000001,0.9000000000000001,0.6130070339753045
2.12699,4.06632,3.1262,0.8,0.9000000000000001,1.0,0.5021647923835105
2.12699,4.06632,3.1262,0.8,1.0,0.1,0.9175125777616024
2.12699,4.06632,3.1262,0.8,1.0,0.2,0.3457020804372814
2.12699,4.06632,3.1262,0.8,1.0,0.3,0.3324778566012915
2.12699,4.06632,3.1262,0.8,1.0,0.4000000000000001,0.1771513640742981
2.12699,4.06632,3.1262,0.8,1.0,0.5,0.4639532401993727
2.12699,4.06632,3.1262,0.8,1.0,0.6000000000000001,0.7459616030410525
2.12699,4.06632,3.1262,0.8,1.0,0.7000000000000001,0.333645575347156
2.12699,4.06632,3.1262,0.8,1.0,0.8,0.5725639034576535
2.12699,4.06632,3.1262,0.8,1.0,0.9000000000000001,0.2544218099739079
2.12699,4.06632,3.1262,0.8,1.0,1.0,0.679028950527668
2.12699,4.06632,3.1262,0.9000000000000001,0.1,0.1,0.758541656348139
2.12699,4.06632,3.1262,0.9000000000000001,0.1,0.2,0.5643697274608102
2.12699,4.06632,3.1262,0.9000000000000001,0.1,0.3,0.1429729077893198
2.12699,4.06632,3.1262,0.9000000000000001,0.1,0.4000000000000001,0.3891376215166103
2.12699,4.06632,3.1262,0.9000000000000001,0.1,0.5,0.4582377026746459
2.12699,4.06632,3.1262,0.9000000000000001,0.1,0.6000000000000001,0.5228911943152568
2.12699,4.06632,3.1262,0.9000000000000001,0.1,0.7000000000000001,0.4224721900232479
2.12699,4.06632,3.1262,0.9000000000000001,0.1,0.8,0.4920248040784502
2.12699,4.06632,3.1262,0.9000000000000001,0.1,0.9000000000000001,0.1452892938260681
2.12699,4.06632,3.1262,0.9000000000000001,0.1,1.0,0.3573780505892513
2.12699,4.06632,3.1262,0.9000000000000001,0.2,0.1,0.7536120915244896
2.12699,4.06632,3.1262,0.9000000000000001,0.2,0.2,0.2459764016149241
2.12699,4.06632,3.1262,0.9000000000000001,0.2,0.3,0.1920277349437366
2.12699,4.06632,3.1262,0.9000000000000001,0.2,0.4000000000000001,0.6666079585681277
2.12699,4.06632,3.1262,0.9000000000000001,0.2,0.5,0.8918769653921685
2.12699,4.06632,3.1262,0.9000000000000001,0.2,0.6000000000000001,0.1994282643328501
2.12699,4.06632,3.1262,0.9000000000000001,0.2,0.7000000000000001,0.7074326405790197
2.12699,4.06632,3.1262,0.9000000000000001,0.2,0.8,0.517950876163361
2.12699,4.06632,3.1262,0.9000000000000001,0.2,0.9000000000000001,0.6380967691218647
2.12699,4.06632,3.1262,0.9000000000000001,0.2,1.0,0.5288922117366968
2.12699,4.06632,3.1262,0.9000000000000001,0.3,0.1,0.8062555817623746
2.12699,4.06632,3.1262,0.9000000000000001,0.3,0.2,0.7631316473472038
2.12699,4.06632,3.1262,0.9000000000000001,0.3,0.3,0.8782511147287835
2.12699,4.06632,3.1262,0.9000000000000001,0.3,0.4000000000000001,0.6295320767847953
2.12699,4.06632,3.1262,0.9000000000000001,0.3,0.5,0.303366747720626
2.12699,4.06632,3.1262,0.9000000000000001,0.3,0.6000000000000001,0.29591570086651
2.12699,4.06632,3.1262,0.9000000000000001,0.3,0.7000000000000001,0.7463942906096939
2.12699,4.06632,3.1262,0.9000000000000001,0.3,0.8,0.7334988669609056
2.12699,4.06632,3.1262,0.9000000000000001,0.3,0.9000000000000001,0.564842464949021
2.12699,4.06632,3.1262,0.9000000000000001,0.3,1.0,0.4626972963825374
2.12699,4.06632,3.1262,0.9000000000000001,0.4000000000000001,0.1,0.3013290289160457
2.12699,4.06632,3.1262,0.9000000000000001,0.4000000000000001,0.2,0.409764197840485
2.12699,4.06632,3.1262,0.9000000000000001,0.4000000000000001,0.3,0.3337504489753224
2.12699,4.06632,3.1262,0.9000000000000001,0.4000000000000001,0.4000000000000001,0.9709569425773772
2.12699,4.06632,3.1262,0.9000000000000001,0.4000000000000001,0.5,0.108638389397282
2.12699,4.06632,3.1262,0.9000000000000001,0.4000000000000001,0.6000000000000001,0.9562157686048066
2.12699,4.06632,3.1262,0.9000000000000001,0.4000000000000001,0.7000000000000001,0.2692369615500752
2.12699,4.06632,3.1262,0.9000000000000001,0.4000000000000001,0.8,0.7674860885672846
2.12699,4.06632,3.1262,0.9000000000000001,0.4000000000000001,0.9000000000000001,0.2820352833890093
2.12699,4.06632,3.1262,0.9000000000000001,0.4000000000000001,1.0,0.9824160921210312
2.12699,4.06632,3.1262,0.9000000000000001,0.5,0.1,0.7962906695686116
2.12699,4.06632,3.1262,0.9000000000000001,0.5,0.2,0.238458598296456
2.12699,4.06632,3.1262,0.9000000000000001,0.5,0.3,0.2255927923777588
2.12699,4.06632,3.1262,0.9000000000000001,0.5,0.4000000000000001,0.6836308965549301
2.12699,4.06632,3.1262,0.9000000000000001,0.5,0.5,0.7140675631851511
2.12699,4.06632,3.1262,0.9000000000000001,0.5,0.6000000000000001,0.3521559498635255
2.12699,4.06632,3.1262,0.9000000000000001,0.5,0.7000000000000001,0.286621742459636
2.12699,4.06632,3.1262,0.9000000000000001,0.5,0.8,0.4879357486711736
2.12699,4.06632,3.1262,0.9000000000000001,0.5,0.9000000000000001,0.9441140757143824
2.12699,4.06632,3.1262,0.9000000000000001,0.5,1.0,0.9388477535216386
2.12699,4.06632,3.1262,0.9000000000000001,0.6000000000000001,0.1,0.170433280652329
2.12699,4.06632,3.1262,0.9000000000000001,0.6000000000000001,0.2,0.3101965944301867
2.12699,4.06632,3.1262,0.9000000000000001,0.6000000000000001,0.3,0.3184659167383213
2.12699,4.06632,3.1262,0.9000000000000001,0.6000000000000001,0.4000000000000001,0.2781798562033422
2.12699,4.06632,3.1262,0.9000000000000001,0.6000000000000001,0.5,0.4912200361060319
2.12699,4.06632,3.1262,0.9000000000000001,0.6000000000000001,0.6000000000000001,0.2467092535267312
2.12699,4.06632,3.1262,0.9000000000000001,0.6000000000000001,0.7000000000000001,0.4911240134957589
2.12699,4.06632,3.1262,0.9000000000000001,0.6000000000000001,0.8,0.9142284071594986
2.12699,4.06632,3.1262,0.9000000000000001,0.6000000000000001,0.9000000000000001,0.6111935170328993
2.12699,4.06632,3.1262,0.9000000000000001,0.6000000000000001,1.0,0.224525996432297
2.12699,4.06632,3.1262,0.9000000000000001,0.7000000000000001,0.1,0.7883787776051376
2.12699,4.06632,3.1262,0.9000000000000001,0.7000000000000001,0.2,0.8611410301752016
2.12699,4.06632,3.1262,0.9000000000000001,0.7000000000000001,0.3,0.3296611370841359
2.12699,4.06632,3.1262,0.9000000000000001,0.7000000000000001,0.4000000000000001,0.8045438009950533
2.12699,4.06632,3.1262,0.9000000000000001,0.7000000000000001,0.5,0.2518390716904672
2.12699,4.06632,3.1262,0.9000000000000001,0.7000000000000001,0.6000000000000001,0.5398938600075665
2.12699,4.06632,3.1262,0.9000000000000001,0.7000000000000001,0.7000000000000001,0.7877211686896212
2.12699,4.06632,3.1262,0.9000000000000001,0.7000000000000001,0.8,0.296323802104652
2.12699,4.06632,3.1262,0.9000000000000001,0.7000000000000001,0.9000000000000001,0.6283248525918104
2.12699,4.06632,3.1262,0.9000000000000001,0.7000000000000001,1.0,0.1170560980451214
2.12699,4.06632,3.1262,0.9000000000000001,0.8,0.1,0.3484548368515012
2.12699,4.06632,3.1262,0.9000000000000001,0.8,0.2,0.6885874843630762
2.12699,4.06632,3.1262,0.9000000000000001,0.8,0.3,0.6381644825761928
2.12699,4.06632,3.1262,0.9000000000000001,0.8,0.4000000000000001,0.7804452068402737
2.12699,4.06632,3.1262,0.9000000000000001,0.8,0.5,0.6250689761537812
2.12699,4.06632,3.1262,0.9000000000000001,0.8,0.6000000000000001,0.3187635012256202
2.12699,4.06632,3.1262,0.9000000000000001,0.8,0.7000000000000001,0.3451309640584269
2.12699,4.06632,3.1262,0.9000000000000001,0.8,0.8,0.4573451246529232
2.12699,4.06632,3.1262,0.9000000000000001,0.8,0.9000000000000001,0.4812573426201565
2.12699,4.06632,3.1262,0.9000000000000001,0.8,1.0,0.1791450932218229
2.12699,4.06632,3.1262,0.9000000000000001,0.9000000000000001,0.1,0.733377459881606
2.12699,4.06632,3.1262,0.9000000000000001,0.9000000000000001,0.2,0.879415564064402
2.12699,4.06632,3.1262,0.9000000000000001,0.9000000000000001,0.3,0.4217161433629564
2.12699,4.06632,3.1262,0.9000000000000001,0.9000000000000001,0.4000000000000001,0.7647403649649505
2.12699,4.06632,3.1262,0.9000000000000001,0.9000000000000001,0.5,0.2540318739449309
2.12699,4.06632,3.1262,0.9000000000000001,0.9000000000000001,0.6000000000000001,0.2670199746326567
2.12699,4.06632,3.1262,0.9000000000000001,0.9000000000000001,0.7000000000000001,0.9731009973482556
2.12699,4.06632,3.1262,0.9000000000000001,0.9000000000000001,0.8,0.3792708328531704
2.12699,4.06632,3.1262,0.9000000000000001,0.9000000000000001,0.9000000000000001,0.2663992647348177
2.12699,4.06632,3.1262,0.9000000000000001,0.9000000000000001,1.0,0.7036629779267737
2.12699,4.06632,3.1262,0.9000000000000001,1.0,0.1,0.6333069383449698
2.12699,4.06632,3.1262,0.9000000000000001,1.0,0.2,0.4304539845821371
2.12699,4.06632,3.1262,0.9000000000000001,1.0,0.3,0.8331972579958431
2.12699,4.06632,3.1262,0.9000000000000001,1.0,0.4000000000000001,0.497161602804363
2.12699,4.06632,3.1262,0.9000000000000001,1.0,0.5,0.3417051010452131
2.12699,4.06632,3.1262,0.9000000000000001,1.0,0.6000000000000001,0.6040647686216052
2.12699,4.06632,3.1262,0.9000000000000001,1.0,0.7000000000000001,0.5422304995878354
2.12699,4.06632,3.1262,0.9000000000000001,1.0,0.8,0.2098158952369947
2.12699,4.06632,3.1262,0.9000000000000001,1.0,0.9000000000000001,0.4235217071503122
2.12699,4.06632,3.1262,0.9000000000000001,1.0,1.0,0.6455964860164545
2.12699,4.06632,3.1262,1.0,0.1,0.1,0.5739535910028928
2.12699,4.06632,3.1262,1.0,0.1,0.2,0.7034738410421328
2.12699,4.06632,3.1262,1.0,0.1,0.3,0.987514728331243
2.12699,4.06632,3.1262,1.0,0.1,0.4000000000000001,0.2502687268038014
2.12699,4.06632,3.1262,1.0,0.1,0.5,0.4719337767887851
2.12699,4.06632,3.1262,1.0,0.1,0.6000000000000001,0.8925226234805612
2.12699,4.06632,3.1262,1.0,0.1,0.7000000000000001,0.3745964937705704
2.12699,4.06632,3.1262,1.0,0.1,0.8,0.2104218859247593
2.12699,4.06632,3.1262,1.0,0.1,0.9000000000000001,0.905827188082505
2.12699,4.06632,3.1262,1.0,0.1,1.0,0.5184930432780723
2.12699,4.06632,3.1262,1.0,0.2,0.1,0.5559943820019196
2.12699,4.06632,3.1262,1.0,0.2,0.2,0.349800631877583
2.12699,4.06632,3.1262,1.0,0.2,0.3,0.3642864295547838
2.12699,4.06632,3.1262,1.0,0.2,0.4000000000000001,0.6146394693270556
2.12699,4.06632,3.1262,1.0,0.2,0.5,0.6283948787732221
2.12699,4.06632,3.1262,1.0,0.2,0.6000000000000001,0.15539012007667
2.12699,4.06632,3.1262,1.0,0.2,0.7000000000000001,0.617268510926243
2.12699,4.06632,3.1262,1.0,0.2,0.8,0.3570545128519884
2.12699,4.06632,3.1262,1.0,0.2,0.9000000000000001,0.4048329322242959
2.12699,4.06632,3.1262,1.0,0.2,1.0,0.3691833026523189
2.12699,4.06632,3.1262,1.0,0.3,0.1,0.712148958326701
2.12699,4.06632,3.1262,1.0,0.3,0.2,0.2240336674342559
2.12699,4.06632,3.1262,1.0,0.3,0.3,0.8865746959334886
2.12699,4.06632,3.1262,1.0,0.3,0.4000000000000001,0.4301908680626261
2.12699,4.06632,3.1262,1.0,0.3,0.5,0.722375908351602
2.12699,4.06632,3.1262,1.0,0.3,0.6000000000000001,0.7622540411615125
2.12699,4.06632,3.1262,1.0,0.3,0.7000000000000001,0.1785183089329632
2.12699,4.06632,3.1262,1.0,0.3,0.8,0.6492986287128388
2.12699,4.06632,3.1262,1.0,0.3,0.9000000000000001,0.6345908181106514
2.12699,4.06632,3.1262,1.0,0.3,1.0,0.3690795878730618
2.12699,4.06632,3.1262,1.0,0.4000000000000001,0.1,0.7330340285753673
2.12699,4.06632,3.1262,1.0,0.4000000000000001,0.2,0.8354908637208822
2.12699,4.06632,3.1262,1.0,0.4000000000000001,0.3,0.5029786789636014
2.12699,4.06632,3.1262,1.0,0.4000000000000001,0.4000000000000001,0.1818066454688302
2.12699,4.06632,3.1262,1.0,0.4000000000000001,0.5,0.9314724275292472
2.12699,4.06632,3.1262,1.0,0.4000000000000001,0.6000000000000001,0.2846033227217758
2.12699,4.06632,3.1262,1.0,0.4000000000000001,0.7000000000000001,0.8440945475058713
2.12699,4.06632,3.1262,1.0,0.4000000000000001,0.8,0.1194372628353756
2.12699,4.06632,3.1262,1.0,0.4000000000000001,0.9000000000000001,0.566169481149889
2.12699,4.06632,3.1262,1.0,0.4000000000000001,1.0,0.7870976854323549
2.12699,4.06632,3.1262,1.0,0.5,0.1,0.7761837833905492
2.12699,4.06632,3.1262,1.0,0.5,0.2,0.8616725558275239
2.12699,4.06632,3.1262,1.0,0.5,0.3,0.5458527897751462
2.12699,4.06632,3.1262,1.0,0.5,0.4000000000000001,0.5123948738409647
2.12699,4.06632,3.1262,1.0,0.5,0.5,0.3517341425260131
2.12699,4.06632,3.1262,1.0,0.5,0.6000000000000001,0.7046271019910846
2.12699,4.06632,3.1262,1.0,0.5,0.7000000000000001,0.8063929829925076
2.12699,4.06632,3.1262,1.0,0.5,0.8,0.9590941535548988
2.12699,4.06632,3.1262,1.0,0.5,0.9000000000000001,0.4393465232234559
2.12699,4.06632,3.1262,1.0,0.5,1.0,0.4751288601506659
2.12699,4.06632,3.1262,1.0,0.6000000000000001,0.1,0.7302401261161903
2.12699,4.06632,3.1262,1.0,0.6000000000000001,0.2,0.3968724486109823
2.12699,4.06632,3.1262,1.0,0.6000000000000001,0.3,0.7938307939121716
2.12699,4.06632,3.1262,1.0,0.6000000000000001,0.4000000000000001,0.2286441711188668
2.12699,4.06632,3.1262,1.0,0.6000000000000001,0.5,0.9606209405985006
2.12699,4.06632,3.1262,1.0,0.6000000000000001,0.6000000000000001,0.1334734196785695
2.12699,4.06632,3.1262,1.0,0.6000000000000001,0.7000000000000001,0.6047403839827783
2.12699,4.06632,3.1262,1.0,0.6000000000000001,0.8,0.3257792768378149
2.12699,4.06632,3.1262,1.0,0.6000000000000001,0.9000000000000001,0.5397439400888524
2.12699,4.06632,3.1262,1.0,0.6000000000000001,1.0,0.3824330176186368
2.12699,4.06632,3.1262,1.0,0.7000000000000001,0.1,0.2946768550434434
2.12699,4.06632,3.1262,1.0,0.7000000000000001,0.2,0.7929441020609322
2.12699,4.06632,3.1262,1.0,0.7000000000000001,0.3,0.6097729019796339
2.12699,4.06632,3.1262,1.0,0.7000000000000001,0.4000000000000001,0.5489474771775565
2.12699,4.06632,3.1262,1.0,0.7000000000000001,0.5,0.4814520232676946
2.12699,4.06632,3.1262,1.0,0.7000000000000001,0.6000000000000001,0.3973271188202165
2.12699,4.06632,3.1262,1.0,0.7000000000000001,0.7000000000000001,0.8783556128234316
2.12699,4.06632,3.1262,1.0,0.7000000000000001,0.8,0.4142248265202205
2.12699,4.06632,3.1262,1.0,0.7000000000000001,0.9000000000000001,0.6562508359621912
2.12699,4.06632,3.1262,1.0,0.7000000000000001,1.0,0.1988575016086725
2.12699,4.06632,3.1262,1.0,0.8,0.1,0.1695964958913575
2.12699,4.06632,3.1262,1.0,0.8,0.2,0.1581404857411944
2.12699,4.06632,3.1262,1.0,0.8,0.3,0.8557101294572365
2.12699,4.06632,3.1262,1.0,0.8,0.4000000000000001,0.1409952652309345
2.12699,4.06632,3.1262,1.0,0.8,0.5,0.8043565020954204
2.12699,4.06632,3.1262,1.0,0.8,0.6000000000000001,0.9311734711463316
2.12699,4.06632,3.1262,1.0,0.8,0.7000000000000001,0.8955047855787809
2.12699,4.06632,3.1262,1.0,0.8,0.8,0.4507612304617863
2.12699,4.06632,3.1262,1.0,0.8,0.9000000000000001,0.6226027047788505
2.12699,4.06632,3.1262,1.0,0.8,1.0,0.2283655976243576
2.12699,4.06632,3.1262,1.0,0.9000000000000001,0.1,0.7570691374161274
2.12699,4.06632,3.1262,1.0,0.9000000000000001,0.2,0.7245915226877834
2.12699,4.06632,3.1262,1.0,0.9000000000000001,0.3,0.4231173624008745
2.12699,4.06632,3.1262,1.0,0.9000000000000001,0.4000000000000001,0.7167710833542782
2.12699,4.06632,3.1262,1.0,0.9000000000000001,0.5,0.943644092015558
2.12699,4.06632,3.1262,1.0,0.9000000000000001,0.6000000000000001,0.2816515324386652
2.12699,4.06632,3.1262,1.0,0.9000000000000001,0.7000000000000001,0.5298382387843338
2.12699,4.06632,3.1262,1.0,0.9000000000000001,0.8,0.769195181406534
2.12699,4.06632,3.1262,1.0,0.9000000000000001,0.9000000000000001,0.187850923366176
2.12699,4.06632,3.1262,1.0,0.9000000000000001,1.0,0.6135054758855656
2.12699,4.06632,3.1262,1.0,1.0,0.1,0.4598671748682187
2.12699,4.06632,3.1262,1.0,1.0,0.2,0.2242738579185278
2.12699,4.06632,3.1262,1.0,1.0,0.3,0.6191427511194496
2.12699,4.06632,3.1262,1.0,1.0,0.4000000000000001,0.8600344828065766
2.12699,4.06632,3.1262,1.0,1.0,0.5,0.9357752853141048
2.12699,4.06632,3.1262,1.0,1.0,0.6000000000000001,0.9217880923987188
2.12699,4.06632,3.1262,1.0,1.0,0.7000000000000001,0.439797133273202
2.12699,4.06632,3.1262,1.0,1.0,0.8,0.2575160364846305
2.12699,4.06632,3.1262,1.0,1.0,0.9000000000000001,0.8454386464898017
2.12699,4.06632,3.1262,1.0,1.0,1.0,0.1316095942798934
